ip_address,category,added_at
23.129.233.184,proxy_or_tor,2026-04-01T00:00:00+00:00
185.220.255.85,proxy_or_tor,2026-04-01T00:00:00+00:00
194.165.80.130,proxy_or_tor,2026-04-01T00:00:00+00:00
185.220.59.116,proxy_or_tor,2026-04-01T00:00:00+00:00
171.25.1.22,proxy_or_tor,2026-04-01T00:00:00+00:00
185.220.125.23,proxy_or_tor,2026-04-01T00:00:00+00:00
23.129.186.196,proxy_or_tor,2026-04-01T00:00:00+00:00
45.95.91.18,proxy_or_tor,2026-04-01T00:00:00+00:00
171.25.214.114,proxy_or_tor,2026-04-01T00:00:00+00:00
194.165.127.213,proxy_or_tor,2026-04-01T00:00:00+00:00
194.165.138.39,proxy_or_tor,2026-04-01T00:00:00+00:00
171.25.190.61,proxy_or_tor,2026-04-01T00:00:00+00:00
171.25.26.91,proxy_or_tor,2026-04-01T00:00:00+00:00
45.95.23.205,proxy_or_tor,2026-04-01T00:00:00+00:00
185.220.238.144,proxy_or_tor,2026-04-01T00:00:00+00:00
194.165.167.44,proxy_or_tor,2026-04-01T00:00:00+00:00
171.25.233.4,proxy_or_tor,2026-04-01T00:00:00+00:00
194.165.102.149,proxy_or_tor,2026-04-01T00:00:00+00:00
171.25.155.124,proxy_or_tor,2026-04-01T00:00:00+00:00
23.129.188.252,proxy_or_tor,2026-04-01T00:00:00+00:00
45.95.125.77,proxy_or_tor,2026-04-01T00:00:00+00:00
185.220.209.12,proxy_or_tor,2026-04-01T00:00:00+00:00
45.95.177.4,proxy_or_tor,2026-04-01T00:00:00+00:00
194.165.0.192,proxy_or_tor,2026-04-01T00:00:00+00:00
194.165.53.105,proxy_or_tor,2026-04-01T00:00:00+00:00
